{"poids_kg": 90.32738913002578, "duree_min": 35.09189678786983, "vitesse_moyenne": 22.647955537342895, "distance_km": 13.245995302878365, "fc_moyenne": 93.29594886129428}